SnippetID,Text,Lawfulness,Erasure,Access,Object,Rectification,Portability,SecurityBreach,Transparency
1,"We process data lawfully. You can have it erased at any time.",1,1,0,0,0,0,0,0
2,"Our system ensures you may request and download all personal information.",0,0,0,0,0,1,0,0
3,"We keep your data secure. If anything goes wrong, we alert you of a breach immediately.",0,0,0,0,0,0,1,0
4,"Users can rectify their information and also object to marketing emails.",0,0,0,1,1,0,0,0
5,"Data is handled with transparency. You can request access if needed.",0,0,1,0,0,0,0,1
6,"Our site fully adheres to lawful data principles and maintains accountability.",1,0,0,0,0,0,0,1
7,"Request the deletion (erasure) or access to your account info anytime.",0,1,1,0,0,0,0,0
8,"We provide secure processing to prevent breaches. You can rectify mistakes if found.",0,0,0,0,1,0,1,0
9,"Portability is guaranteed. You can object to certain forms of data usage too.",0,0,0,1,0,1,0,0
10,"Lawfully collected data, plus you can erase or rectify as per GDPR standards.",1,1,0,0,1,0,0,0
11,"We handle personal info with care and abide by lawfulness at all times.",1,0,0,0,0,0,0,0
12,"Right to object is respected. We encourage transparency about our processing.",0,0,0,1,0,0,0,1
13,"Security checks are conducted regularly. We also ensure you can rectify errors.",0,0,0,0,1,0,1,0
14,"We keep minimal data. Users can erase their profiles if they choose.",0,1,0,0,0,0,0,0
15,"Lawful basis is provided, and data is portable upon request.",1,0,0,0,0,1,0,0
16,"Please note you can object to certain analytics or ask for rectification.",0,0,0,1,1,0,0,0
17,"All data is processed under lawfulness. Security is tested against breaches.",1,0,0,0,0,0,1,0
18,"We offer transparency. Erase any personal information with a single request.",0,1,0,0,0,0,0,1
19,"Download your full data to exercise portability or rectify mistakes at will.",0,0,0,0,1,1,0,0
20,"Object to marketing messages or request secure handling to avoid breaches.",0,0,0,1,0,0,1,0
21,"We enforce strong breach prevention. Lawful processing is our top priority.",1,0,0,0,0,0,1,0
22,"Request account access or have data erased. We remain transparent on all operations.",0,1,1,0,0,0,0,1
23,"Please note data portability is supported, plus you can object anytime.",0,0,0,1,0,1,0,0
24,"Our lawfulness policy includes rectification for incorrect data as needed.",1,0,0,0,1,0,0,0
25,"Users can have transparency into how info is used. Erasure is also allowed.",0,1,0,0,0,0,0,1
26,"We follow lawful standards. Access your personal details or rectify them whenever.",1,0,1,0,1,0,0,0
27,"You can object to certain data usage. We ensure data is portable upon demand.",0,0,0,1,0,1,0,0
28,"Security measures are robust, so data breaches are minimized. Rectify errors as well.",0,0,0,0,1,0,1,0
29,"We handle everything lawfully. Transparency is crucial for building user trust.",1,0,0,0,0,0,0,1
30,"Erase your data or object to processing. We keep security checks active.",0,1,0,1,0,0,1,0
31,"Request rectification at any time, or ask for portable copies of your info.",0,0,0,0,1,1,0,0
32,"Our site is transparent about how data is used. Erasure is always an option.",0,1,0,0,0,0,0,1
33,"We maintain lawful conditions. You can access your personal records by request.",1,0,1,0,0,0,0,0
34,"Object to targeted ads. Check security steps to prevent personal data leaks.",0,0,0,1,0,0,1,0
35,"Data is processed with lawfulness. Rectification is offered to correct mistakes.",1,0,0,0,1,0,0,0
36,"Feel free to erase your data or see how we remain transparent with usage logs.",0,1,0,0,0,0,0,1
37,"We store info lawfully. You can port your data elsewhere or rectify it here.",1,0,0,0,1,1,0,0
38,"Users can object to direct marketing. We check security threats frequently.",0,0,0,1,0,0,1,0
39,"Request data erasure or ask for lawful justification of usage at any time.",1,1,0,0,0,0,0,0
40,"Transparency is a key principle. You may rectify any inaccurate info promptly.",0,0,0,0,1,0,0,1
41,"We gather data under lawful basis. Security audits are done monthly.",1,0,0,0,0,0,1,0
42,"You can object if you disagree with our data usage. It's also fully portable.",0,0,0,1,0,1,0,0
43,"Rectification is offered. We maintain transparency for all policy changes.",0,0,0,0,1,0,0,1
44,"Our lawful approach ensures minimal data. Erasure requests are processed quickly.",1,1,0,0,0,0,0,0
45,"Users have access to personal records. Security checks help prevent breaches.",0,0,1,0,0,0,1,0
46,"Feel free to object to automated profiling. We keep data lawfully stored.",1,0,0,1,0,0,0,0
47,"Transparency about data usage is guaranteed. Port your info if desired.",0,0,0,0,0,1,0,1
48,"Lawful processing is our standard. You can rectify any errors found.",1,0,0,0,1,0,0,0
49,"Erase your data anytime. Object to certain analytics if you prefer.",0,1,0,1,0,0,0,0
50,"Access your entire data log, or keep it secure under our breach prevention policy.",0,0,1,0,0,0,1,0
51,"We ensure lawfulness. Port your data to another platform if you wish.",1,0,0,0,0,1,0,0
52,"Rectify outdated data or request transparency on how it's processed.",0,0,0,0,1,0,0,1
53,"Security is paramount. Erase personal info if you no longer want to store it here.",0,1,0,0,0,0,1,0
54,"We lawfully handle data. Access is granted upon verified requests.",1,0,1,0,0,0,0,0
55,"Object to marketing emails or rectify personal info as needed.",0,0,0,1,1,0,0,0
56,"You can see a transparent breakdown of data usage. Breach prevention is key.",0,0,0,0,0,0,1,1
57,"Lawful basis is provided for all data. Erase your info if you prefer.",1,1,0,0,0,0,0,0
58,"Request data portability or object to certain data handling procedures.",0,0,0,1,0,1,0,0
59,"Rectify inaccuracies. We also ensure security to minimize breach risks.",0,0,0,0,1,0,1,0
60,"Maintaining transparency is our goal. You may ask for lawful justification anytime.",1,0,0,0,0,0,0,1
61,"We provide secure operations to avoid breaches. Erase your info at will.",0,1,0,0,0,0,1,0
62,"Users may object to data usage or rectify mistakes in personal details.",0,0,0,1,1,0,0,0
63,"Portability is enabled so you can move your data. Lawful approach guaranteed.",1,0,0,0,0,1,0,0
64,"Request full access to your records. Security measures are tested monthly.",0,0,1,0,0,0,1,0
65,"We ensure transparency in how data is used, plus you can erase anything not needed.",0,1,0,0,0,0,0,1
66,"Data is stored lawfully. Object to certain usage or rectify errors if found.",1,0,0,1,1,0,0,0
67,"We support data portability. A robust breach prevention plan is in place.",0,0,0,0,0,1,1,0
68,"Rectify data mistakes or request lawfulness documentation at any time.",1,0,0,0,1,0,0,0
69,"Users can object to profiling. We keep everything transparent for clarity.",0,0,0,1,0,0,0,1
70,"Erase data on demand. Security steps reduce breach risks in our system.",0,1,0,0,0,0,1,0
71,"We lawfully gather minimal data. Access your personal info upon request.",1,0,1,0,0,0,0,0
72,"Feel free to rectify or erase data. We remain open about usage in a transparent manner.",0,1,0,0,1,0,0,1
73,"Security is prioritized. Object if you disagree with data usage terms.",0,0,0,1,0,0,1,0
74,"Our lawful policy ensures correctness. You can rectify anything inaccurate.",1,0,0,0,1,0,0,0
75,"Transparency is at our core. Port your data or request full erasure if needed.",0,1,0,0,0,1,0,1
76,"We keep data usage lawful. Access your records or object to certain tracking.",1,0,1,1,0,0,0,0
77,"Rectification is allowed. Security measures guard against potential breaches.",0,0,0,0,1,0,1,0
78,"Erase personal data at your request. We also maintain transparency in logs.",0,1,0,0,0,0,0,1
79,"Lawfulness is upheld. Port your information or rectify if errors are found.",1,0,0,0,1,1,0,0
80,"You may object to data usage. Security checks are done to prevent leaks.",0,0,0,1,0,0,1,0
81,"Full compliance with lawful conditions. Erasure is an option for all users.",1,1,0,0,0,0,0,0
82,"Rectify incorrect data swiftly. We also maintain clarity on usage through transparency.",0,0,0,0,1,0,0,1
83,"Ask for data portability or object to further processing if you wish.",0,0,0,1,0,1,0,0
84,"Our site is secure from breaches. We commit to lawfulness of data handling.",1,0,0,0,0,0,1,0
85,"Erase your data at any time or rectify it if outdated. All is done lawfully.",1,1,0,0,1,0,0,0
86,"Transparency means you can see how we process info. Access your data logs easily.",0,0,1,0,0,0,0,1
87,"Security protocols minimize breaches. You may object or rectify data as needed.",0,0,0,1,1,0,1,0
88,"We follow lawful guidelines. Erase personal info or request portability for convenience.",1,1,0,0,0,1,0,0
89,"Access is granted for all personal data. We keep breach prevention updated.",0,0,1,0,0,0,1,0
90,"You may object if data usage is disagreeable. Transparent logs show how info is used.",0,0,0,1,0,0,0,1
91,"Rectify erroneous data. Our lawfulness stands firm in all data operations.",1,0,0,0,1,0,0,0
92,"Security remains a top priority. Erasure requests are processed promptly.",0,1,0,0,0,0,1,0
93,"Request data portability or rectify details. We also remain transparent about changes.",0,0,0,0,1,1,0,1
94,"If you object, we stop certain processing. All data is handled lawfully.",1,0,0,1,0,0,0,0
95,"Our platform ensures data can be erased or accessed at the user's will.",0,1,1,0,0,0,0,0
96,"We keep your data secure to avoid breaches. Rectification is always available.",0,0,0,0,1,0,1,0
97,"Transparency fosters trust. Lawfulness underpins everything we do.",1,0,0,0,0,0,0,1
98,"Users can object to our analytics. Erase your data if you no longer need it stored.",0,1,0,1,0,0,0,0
99,"Feel free to port your data away. We also abide by lawful guidelines strictly.",1,0,0,0,0,1,0,0
100,"Rectify your info if incorrect. Our security checks aim to minimize data leaks.",0,0,0,0,1,0,1,0
101,"Erasure requests are honored. Object to marketing if you prefer not to receive ads.",0,1,0,1,0,0,0,0
102,"Lawful basis for data usage is mandatory. Transparency about usage is available.",1,0,0,0,0,0,0,1
103,"Security audits reduce breach risks. Access to personal data is at your disposal.",0,0,1,0,0,0,1,0
104,"Rectify your details or request data portability. We process data lawfully.",1,0,0,0,1,1,0,0
105,"You can erase info at any point and object to certain usage as well.",0,1,0,1,0,0,0,0
106,"We abide by lawful guidelines. Transparency is crucial for user trust.",1,0,0,0,0,0,0,1
107,"Security systems are in place to prevent breaches. Port your data if you want to leave.",0,0,0,0,0,1,1,0
108,"Object to certain profiling or rectify mistakes. Both are possible here.",0,0,0,1,1,0,0,0
109,"Lawful basis is documented. Erase your info or keep it portable for convenience.",1,1,0,0,0,1,0,0
110,"We let you access your data. Transparency is offered in every step of processing.",0,0,1,0,0,0,0,1
111,"Security measures are standard. Object to data usage if it conflicts with preferences.",0,0,0,1,0,0,1,0
112,"Rectify your personal info. Our approach to handling is lawful by default.",1,0,0,0,1,0,0,0
113,"Erase anything if you wish. We remain accountable for secure data storage.",0,1,0,0,0,0,1,0
114,"Our site ensures portability. You can also request clarity on usage (transparency).",0,0,0,0,0,1,0,1
115,"We process everything lawfully. Feel free to rectify or object as needed.",1,0,0,1,1,0,0,0
116,"Access your data logs. If there's a breach, we alert you immediately.",0,0,1,0,0,0,1,0
117,"We handle personal data with openness. Erasure is always an option you can request.",0,1,0,0,0,0,0,1
118,"Lawful basis is explained in our policy. Rectify anything that seems incorrect.",1,0,0,0,1,0,0,0
119,"Security is top-notch to avoid breaches. Port your data at any point if you wish.",0,0,0,0,0,1,1,0
120,"Object to particular analytics or erase your info. We do so under lawful guidelines.",1,1,0,1,0,0,0,0
121,"Access your entire profile data. Rectification can be done if errors exist.",0,0,1,0,1,0,0,0
122,"We adopt transparent processes. If you prefer, port your data to another provider.",0,0,0,0,0,1,0,1
123,"Data usage is lawful. Security systems help us minimize any breach incidents.",1,0,0,0,0,0,1,0
124,"Erasure can be requested at any time. We also let you rectify false info easily.",0,1,0,0,1,0,0,0
125,"You can object to data usage or keep it portable. It's fully at your discretion.",0,0,0,1,0,1,0,0
126,"Lawfulness is our first principle. Access your records or request updates if needed.",1,0,1,0,0,0,0,0
127,"We run thorough security checks. Transparency is provided for all privacy-related details.",0,0,0,0,0,0,1,1
128,"Rectify your personal data. Object to further use if you see fit.",0,0,0,1,1,0,0,0
129,"Erasure is possible at user request. We maintain lawful usage of your info.",1,1,0,0,0,0,0,0
130,"Porting your data away is supported. We also keep logs secure from breaches.",0,0,0,0,0,1,1,0
131,"Object to marketing or rectify your details. We remain open about all processes.",0,0,0,1,1,0,0,1
132,"Lawful basis is described in our Terms. You can erase personal data at any point.",1,1,0,0,0,0,0,0
133,"Access your info or ask for security checks. We strive to prevent any breach events.",0,0,1,0,0,0,1,0
134,"We focus on transparency. Rectify inaccurate data or request it to be portable.",0,0,0,0,1,1,0,1
135,"Object if you disagree with usage. All data is collected lawfully.",1,0,0,1,0,0,0,0
136,"Erasure requests are processed promptly. Our security team minimizes breach risks.",0,1,0,0,0,0,1,0
137,"You can rectify details. Portability is provided if you move to another service.",0,0,0,0,1,1,0,0
138,"Lawful standards define our policy. We also practice transparency for user trust.",1,0,0,0,0,0,0,1
139,"Object to processing or erase your account. We keep data usage minimal.",0,1,0,1,0,0,0,0
140,"Port your data on request. We do monthly security audits to prevent any breach.",0,0,0,0,0,1,1,0
141,"We operate under lawful guidelines. Rectification and access are both possible.",1,0,1,0,1,0,0,0
142,"Transparency ensures you know how data is handled. Please object if you disagree.",0,0,0,1,0,0,0,1
143,"Erase your information anytime. Our system is designed to remain secure from threats.",0,1,0,0,0,0,1,0
144,"We keep everything lawful. If needed, you can rectify or port data easily.",1,0,0,0,1,1,0,0
145,"Object to profiling at will. We commit to being transparent about all usage logs.",0,0,0,1,0,0,0,1
146,"Erasure is a fundamental right. Our security protocols limit potential breaches.",0,1,0,0,0,0,1,0
147,"You can rectify personal info. We store data lawfully under GDPR guidelines.",1,0,0,0,1,0,0,0
148,"Users may port data to other services. We also allow objecting to certain usages.",0,0,0,1,0,1,0,0
149,"Transparency is crucial for trust. Feel free to request data erasure anytime.",0,1,0,0,0,0,0,1
150,"We remain lawful in all data operations. Security checks are standard procedure.",1,0,0,0,0,0,1,0
151,"Access your personal details if needed, or rectify any mistakes you find.",0,0,1,0,1,0,0,0
152,"You can object to data usage. Erasure is also an option for privacy-minded users.",0,1,0,1,0,0,0,0
153,"Lawfulness is our baseline. Port your data or keep it here, your choice.",1,0,0,0,0,1,0,0
154,"Rectify any outdated info. We keep transparency logs for each policy update.",0,0,0,0,1,0,0,1
155,"Security measures reduce breach risk. Erase data if you no longer want it stored.",0,1,0,0,0,0,1,0
156,"Object to analytics whenever you like. We legally comply with data standards.",1,0,0,1,0,0,0,0
157,"Users can rectify errors or request data portability. Our system is flexible.",0,0,0,0,1,1,0,0
158,"We lawfully gather info. Access your data or erase it entirely if you wish.",1,1,1,0,0,0,0,0
159,"Maintain transparency by letting users see how data is processed. Security is vital.",0,0,0,0,0,0,1,1
160,"You may object to direct marketing. We keep lawful records for auditing purposes.",1,0,0,1,0,0,0,0
161,"Request rectification, erase data, or port your details elsewhere. It's your choice.",0,1,0,0,1,1,0,0
162,"Security audits are a must to prevent breaches. We also remain transparent about usage.",0,0,0,0,0,0,1,1
163,"Lawfulness is never compromised. Access or rectify your info any time.",1,0,1,0,1,0,0,0
164,"Erasure can be requested. Object if you find any unauthorized processing steps.",0,1,0,1,0,0,0,0
165,"We permit data portability. Our platform ensures robust security for your info.",0,0,0,0,0,1,1,0
166,"Rectify your personal info if outdated. Lawfulness is always ensured by default.",1,0,0,0,1,0,0,0
167,"Object to certain analytics or marketing. We also provide transparent policy updates.",0,0,0,1,0,0,0,1
168,"Erase your data or keep it portable. Security protocols guard against intrusions.",0,1,0,0,0,1,1,0
169,"We rely on lawful basis for collection. Transparency fosters trust in our community.",1,0,0,0,0,0,0,1
170,"You can rectify any false details. Please let us know if you want to object as well.",0,0,0,1,1,0,0,0
171,"Request erasure if you prefer to remove data. We store info under lawful guidelines.",1,1,0,0,0,0,0,0
172,"Our breach prevention measures are proactive. Access your data logs anytime.",0,0,1,0,0,0,1,0
173,"Transparency is key. Rectify personal info or port it away if you choose another service.",0,0,0,0,1,1,0,1
174,"We comply lawfully. You can object to usage or ask for total erasure if needed.",1,1,0,1,0,0,0,0
175,"Security is maintained to prevent data leaks. Rectify your info if it's inaccurate.",0,0,0,0,1,0,1,0
176,"Users can request data portability. We fully endorse transparent communication.",0,0,0,0,0,1,0,1
177,"If you object, we pause processing. Our data handling remains lawful at all times.",1,0,0,1,0,0,0,0
178,"Erase your account or rectify details. We implement breach-prevention measures.",0,1,0,0,1,0,1,0
179,"You have the right to access your data. We maintain thorough transparency as well.",0,0,1,0,0,0,0,1
180,"Lawful basis underpins everything. Port or rectify your data with minimal hassle.",1,0,0,0,1,1,0,0
181,"Feel free to object to marketing. Our security team monitors potential threats.",0,0,0,1,0,0,1,0
182,"Transparency means showing how data is used. Erasure is also available to all.",0,1,0,0,0,0,0,1
183,"We operate lawfully. Rectify any mistakes in your info or request a portable copy.",1,0,0,0,1,1,0,0
184,"Our system is designed to prevent breaches. Object if you disagree with certain uses.",0,0,0,1,0,0,1,0
185,"Access your account details easily. Erasure is processed quickly upon request.",0,1,1,0,0,0,0,0
186,"Lawful principles guide us. Transparency assures you know exactly how data is handled.",1,0,0,0,0,0,0,1
187,"Rectify any inaccuracy or port your data to another platform if you wish.",0,0,0,0,1,1,0,0
188,"You can object or erase your info. Security protocols remain in place for breach prevention.",0,1,0,1,0,0,1,0
189,"We stand by lawfulness. Access is granted upon request, with minimal delays.",1,0,1,0,0,0,0,0
190,"Transparency is important: see all usage logs. Also rectify any outdated data you find.",0,0,0,0,1,0,0,1
191,"We use secure operations to prevent leaks. You can object to certain data practices.",0,0,0,1,0,0,1,0
192,"Lawful approach is standard. Erasure is possible for any user who no longer consents.",1,1,0,0,0,0,0,0
193,"Access your personal info or request portability. Our data is processed ethically.",0,0,1,0,0,1,0,0
194,"Rectify inaccuracies in your profile. We maintain a transparent use policy at all times.",0,0,0,0,1,0,0,1
195,"You can object if you feel data is misused. We keep everything lawful by design.",1,0,0,1,0,0,0,0
196,"Erase all your data if needed. Security helps us avoid unauthorized breaches.",0,1,0,0,0,0,1,0
197,"Port your personal records elsewhere. Rectify them here if something is wrong.",0,0,0,0,1,1,0,0
198,"We always act lawfully. You may object or erase data if you disagree with any process.",1,1,0,1,0,0,0,0
199,"Access your details and see how we remain transparent. Our logs are open for review.",0,0,1,0,0,0,0,1
200,"We enforce strong security. Rectify outdated info or request full erasure anytime.",0,1,0,0,1,0,1,0
201,"We process all data in compliance with GDPR standards, ensuring lawfulness and transparency.",1,0,0,0,0,0,0,1
202,"You can request the erasure of your data or rectify inaccuracies with ease.",0,1,0,0,1,0,0,0
203,"Our platform allows you to download your data and exercise portability as per GDPR requirements.",0,0,0,0,0,1,0,0
204,"We ensure secure handling of data, and any breaches are immediately reported to users.",0,0,0,0,0,0,1,0
205,"Transparency is a key principle. You can access or object to certain data processing activities.",0,0,1,1,0,0,0,1
206,"Users can rectify incorrect data and request access to their personal information anytime.",0,0,1,0,1,0,0,0
207,"Our processing ensures lawfulness. You may also erase or download your personal data upon request.",1,1,0,0,0,1,0,0
208,"We prioritize security to prevent breaches while ensuring transparency in data handling.",0,0,0,0,0,0,1,1
209,"Our policies support data portability and allow users to object to specific marketing practices.",0,0,0,1,0,1,0,0
210,"Lawful processing is maintained at all times. Erasure and rectification requests are processed promptly.",1,1,0,0,1,0,0,0
211,"We handle data transparently and ensure you can request access or rectify inaccuracies.",0,0,1,0,1,0,0,1
212,"Our commitment includes lawfulness, secure processing, and data portability for users.",1,0,0,0,0,1,1,0
213,"Erase your personal data with ease or request information about how it is processed.",0,1,1,0,0,0,0,0
214,"You have the right to object to certain data usage and rectify incorrect information.",0,0,0,1,1,0,0,0
215,"Lawfulness and security are ensured while providing transparency and data portability.",1,0,0,0,0,1,1,1
216,"We ensure data breaches are reported immediately and allow for erasure upon user request.",0,1,0,0,0,0,1,0
217,"Access your data anytime and rectify inaccuracies as per your rights under GDPR.",0,0,1,0,1,0,0,0
218,"Transparency is upheld in our operations, and secure handling is a priority to prevent breaches.",0,0,0,0,0,0,1,1
219,"Object to targeted advertisements or request data portability with a single click.",0,0,0,1,0,1,0,0
220,"Our policies ensure lawful processing, transparency, and prompt erasure upon request.",1,1,0,0,0,0,0,1
221,"Secure handling of data is guaranteed, and you can also request rectification if needed.",0,0,0,0,1,0,1,0
222,"Download your data and exercise portability. Transparency in processing is maintained.",0,0,0,0,0,1,0,1
223,"Request access to your information, object to specific processing, or erase your data anytime.",0,1,1,1,0,0,0,0
224,"We abide by lawful processing principles and ensure security against potential breaches.",1,0,0,0,0,0,1,0
225,"Transparency is key. Users can rectify mistakes or access their data easily.",0,0,1,0,1,0,0,1
226,"Lawfulness and data portability are ensured alongside transparency in all operations.",1,0,0,0,0,1,0,1
227,"Secure handling prevents breaches. Users can object to data misuse or rectify inaccuracies.",0,0,0,1,1,0,1,0
228,"Erase your data or request access anytime. Transparency is a cornerstone of our policy.",0,1,1,0,0,0,0,1
229,"Portability of data is provided, and you can object to unnecessary data usage easily.",0,0,0,1,0,1,0,0
230,"We process data lawfully and provide transparency. Erasure requests are handled quickly.",1,1,0,0,0,0,0,1
231,"You can rectify your data, access it, or request its erasure in compliance with GDPR.",0,1,1,0,1,0,0,0
232,"Security is our priority. We immediately notify users of any breaches and rectify issues promptly.",0,0,0,0,1,0,1,0
233,"Lawfulness and data portability are core principles of our data handling policies.",1,0,0,0,0,1,0,0
234,"Transparency is maintained, allowing users to object or erase data whenever needed.",0,1,0,1,0,0,0,1
235,"Request access to your data or rectify inaccuracies to ensure accuracy at all times.",0,0,1,0,1,0,0,0
236,"Secure data handling prevents breaches, and transparency is always upheld in our operations.",0,0,0,0,0,0,1,1
237,"We comply with lawful processing standards and support portability of user data.",1,0,0,0,0,1,0,0
238,"Erase your data or access it at any time. Transparency ensures you stay informed.",0,1,1,0,0,0,0,1
239,"You can object to specific data uses or rectify inaccuracies in your personal information.",0,0,0,1,1,0,0,0
240,"We ensure lawfulness and security, reporting any breaches promptly to affected users.",1,0,0,0,0,0,1,0
241,"Transparency is our goal. You can rectify mistakes or request data portability effortlessly.",0,0,0,0,1,1,0,1
242,"Secure handling prevents breaches while ensuring lawfulness and erasure upon request.",1,1,0,0,0,0,1,0
243,"Access your data, object to processing, or request erasure to maintain control.",0,1,1,1,0,0,0,0
244,"Lawfulness and transparency guide our processing, with support for rectification and portability.",1,0,0,0,1,1,0,1
245,"We secure your data and notify you of breaches while ensuring transparency and access.",0,0,1,0,0,0,1,1
246,"Transparency is guaranteed. Users can object, rectify errors, or request erasure anytime.",0,1,0,1,1,0,0,1
247,"Our policies uphold lawful processing while preventing breaches and supporting portability.",1,0,0,0,0,1,1,0
248,"Erase your data with ease or access it for complete transparency in processing.",0,1,1,0,0,0,0,1
249,"You can object to certain practices, rectify data, or request portability at any time.",0,0,0,1,1,1,0,0
250,"We adhere to lawful principles and provide secure handling to prevent data breaches.",1,0,0,0,0,0,1,0
251,"Transparency is ensured, allowing users to rectify mistakes or access their personal information.",0,0,1,0,1,0,0,1
252,"Our secure systems prevent breaches while ensuring lawfulness and erasure upon request.",1,1,0,0,0,0,1,0
253,"Access your data, object to processing, or rectify inaccuracies with ease.",0,0,1,1,1,0,0,0
254,"Lawfulness and transparency are our priorities, with full support for portability and erasure.",1,1,0,0,0,1,0,1
255,"We prevent breaches through secure handling and allow users to object or rectify data.",0,0,0,1,1,0,1,0
256,"Erase your data or access it anytime. Transparency ensures you stay informed.",0,1,1,0,0,0,0,1
257,"Portability of data is provided, and you can object to unnecessary data usage effortlessly.",0,0,0,1,0,1,0,0
258,"Our policies ensure lawful processing and transparency, with erasure requests handled swiftly.",1,1,0,0,0,0,0,1
259,"You can rectify your data, access it, or request its erasure as per GDPR guidelines.",0,1,1,0,1,0,0,0
260,"Security is our priority. We notify users of any breaches and ensure rectifications promptly.",0,0,0,0,1,0,1,0
261,"We operate under strict adherence to lawful principles, ensuring all data processing activities are compliant with GDPR. You can request the erasure of your personal data, rectify any inaccuracies, and access detailed records of your data usage. Furthermore, portability is supported, allowing you to transfer your data seamlessly. In the event of a security breach, immediate notification will be sent. Transparency is at the heart of our operations.",1,1,1,0,1,1,1,1
262,"Our platform is built to prioritize user rights. You can object to specific data processing activities, erase your personal information, or download a copy of your data for portability. We ensure transparency in how we process your data and maintain lawful practices to protect your rights.",1,1,0,1,0,1,0,1
263,"Transparency is central to our policies. Users can access their personal data, rectify errors, and object to certain processing activities. Portability ensures you can transfer your data to another platform, and our systems are designed to prevent breaches and adhere to lawful practices.",1,0,1,1,1,1,1,1
264,"Our services ensure that you can request the erasure of your personal data or object to its use for marketing purposes. Transparency and security are maintained at every step, including breach notifications and clear communication about how your data is handled.",0,1,0,1,0,0,1,1
265,"We process data lawfully and provide a secure environment to prevent breaches. Users can access, rectify, or erase their data, and our transparency ensures that all processing activities are clearly communicated.",1,1,1,0,1,0,1,1
266,"In compliance with GDPR, we support user rights to data access, erasure, and portability. Lawfulness is ensured across all processing activities, and breaches are immediately reported. Transparency is a guiding principle in all interactions.",1,1,1,0,0,1,1,1
267,"You have the right to object to certain forms of data processing, such as targeted advertising, and to rectify inaccuracies in your data. Portability allows you to take your data elsewhere, and erasure can be requested at any time. We maintain strict transparency and lawful practices to ensure your rights are protected.",1,1,0,1,1,1,0,1
268,"Our system ensures compliance with lawful data processing standards, offering users the ability to erase, access, or rectify their personal data. Portability is supported for easy transfers, and any breaches are promptly addressed. Transparency is maintained throughout our operations.",1,1,1,0,1,1,1,1
269,"Transparency is paramount in our operations. Users can object to data processing activities, rectify mistakes, or erase their data if desired. Security breaches are rare but are communicated immediately if they occur, and our practices are grounded in lawful principles.",1,1,0,1,1,0,1,1
270,"We uphold the highest standards of transparency and lawfulness in data processing. Users can exercise their rights to access, erase, or rectify their data, and portability is fully supported. In case of a breach, you will be notified without delay.",1,1,1,0,1,1,1,1
271,"Our platform is designed with GDPR compliance at its core. You can download your data for portability, erase it entirely, or object to certain uses. We ensure transparency and lawfulness, coupled with secure systems to prevent breaches.",1,1,0,1,0,1,1,1
272,"We take your privacy seriously. Our systems allow for full transparency, giving you access to your data, the ability to rectify errors, and the option to request its erasure. Portability is available, and any security issues are reported immediately.",0,1,1,0,1,1,1,1
273,"Your rights under GDPR are fully supported on our platform. This includes lawfulness in processing, transparency, and the ability to object to data usage. Users can also rectify, erase, or download their data as needed. Security is a top priority, with breach notifications provided promptly.",1,1,1,1,1,1,1,1
274,"Transparency and security are our key commitments. Users can request access to their data, erase it, or object to certain uses. Rectification of inaccuracies and portability are also supported, ensuring a comprehensive approach to GDPR compliance.",0,1,1,1,1,1,0,1
275,"We maintain strict adherence to GDPR, supporting transparency, lawfulness, and security. Users can rectify errors, erase data, or transfer it to another service via portability. Any breaches are addressed immediately, ensuring user trust.",1,1,0,0,1,1,1,1
276,"Our platform ensures your GDPR rights are respected. This includes accessing, erasing, or rectifying your data, as well as objecting to specific processing activities. Portability is available, and transparency is upheld at all times.",0,1,1,1,1,1,0,1
277,"Transparency guides all our practices. You can download your data for portability, rectify inaccuracies, or erase it entirely. Lawful processing and secure systems prevent breaches and protect your rights.",1,1,0,0,1,1,1,1
278,"We ensure full compliance with GDPR, offering users access to their data and the ability to object to processing activities. Rectification and erasure are supported, along with portability and transparency in all interactions.",0,1,1,1,1,1,0,1
279,"Your data rights are our priority. Request access, erase your data, or rectify inaccuracies at any time. Portability is supported, and we ensure secure handling to prevent breaches. Transparency and lawfulness are the foundation of our policies.",1,1,1,0,1,1,1,1
280,"We uphold your GDPR rights by providing access to your data, supporting portability, and ensuring you can object to certain uses. Transparency and security are maintained, with breaches reported immediately if they occur.",0,0,1,1,0,1,1,1
281,"Our policies prioritize user rights to transparency and security. You can erase your data, object to certain processing, or access it anytime. Rectification and portability are also fully supported.",0,1,1,1,1,1,1,1
282,"Transparency is at the core of our operations. Users can access, rectify, or erase their data as needed. Lawful processing is ensured, and breaches are communicated promptly, with portability supported for seamless data transfers.",1,1,1,0,1,1,1,1
283,"We provide full GDPR compliance, ensuring transparency, lawful processing, and user rights to access, erase, or rectify their data. Portability is supported, and breaches are promptly reported.",1,1,1,0,1,1,1,1
284,"Our platform ensures compliance with GDPR. Transparency is upheld in all processing activities, and users can erase or rectify their data as needed. Security is a top priority to prevent breaches.",0,1,0,0,1,0,1,1
285,"We offer full support for GDPR rights, including transparency, access, and portability. Users can also rectify inaccuracies or request data erasure, and breaches are addressed swiftly.",0,1,1,0,1,1,1,1
286,"Lawfulness, transparency, and user rights are the foundation of our policies. Access your data, erase it, or rectify errors anytime. Portability and secure systems protect your information from breaches.",1,1,1,0,1,1,1,1
287,"Our commitment to GDPR ensures users can access their data, rectify errors, and object to processing. Erasure and portability are supported, with transparency and security upheld in all activities.",0,1,1,1,1,1,1,1
288,"Transparency and security guide our operations. Users can erase or rectify their data, access detailed records, and object to specific processing activities. Portability and lawful practices ensure compliance.",1,1,1,1,1,1,1,1
289,"We adhere to GDPR principles, supporting transparency and user rights. Request access, erase your data, or object to processing anytime. Portability and rectification are also supported.",0,1,1,1,1,1,0,1
290,"Your GDPR rights are central to our policies. Transparency, lawful processing, and secure systems ensure you can access, rectify, or erase your data while exercising portability and objecting to certain uses.",1,1,1,1,1,1,1,1
291,"We provide a secure platform for data processing, ensuring transparency and user rights. You can request access, erasure, or rectification of your data and transfer it via portability.",0,1,1,0,1,1,1,1
292,"Transparency and security are fundamental to our operations. Users can object to certain processing, erase or rectify their data, and exercise portability at any time.",0,1,0,1,1,1,1,1
293,"We adhere to GDPR guidelines, offering transparency and user rights. You can access your data, rectify errors, or object to processing activities. Erasure and portability are also supported.",1,1,1,1,1,1,0,1
294,"Our platform supports full GDPR compliance. Transparency ensures you can rectify errors, erase your data, or access it anytime. Portability and security are integral to our operations.",0,1,1,0,1,1,1,1
295,"Transparency is upheld across all operations, allowing users to access, erase, or rectify their data. Security breaches are rare but communicated promptly, with portability fully supported.",0,1,1,0,1,1,1,1
296,"We prioritize your GDPR rights, including access, erasure, rectification, and portability. Transparency and lawfulness are at the core of our practices, with secure systems to prevent breaches.",1,1,1,0,1,1,1,1
297,"Transparency and security guide our approach to data processing. Users can access, rectify, or erase their data, and object to processing activities. Portability is also supported for user convenience.",0,1,1,1,1,1,1,1
298,"We provide GDPR-compliant services, ensuring lawfulness, transparency, and security. Users can access, erase, or rectify their data and transfer it via portability.",1,1,1,0,1,1,1,1
299,"Our operations ensure compliance with GDPR, offering full transparency and user rights. Access your data, erase it, or rectify inaccuracies with ease. Portability is also supported.",0,1,1,0,1,1,0,1
300,"We maintain strict adherence to GDPR, ensuring transparency and user rights. You can rectify errors, access your data, or erase it entirely. Portability and secure systems are provided for your convenience.",1,1,1,0,1,1,1,1
310,"Transparency and user empowerment are our priorities. You can object to processing activities, rectify errors, or request erasure of your data. Portability and lawfulness are ensured alongside strong security measures.",1,1,0,1,1,1,1,1
311,"Our commitment to GDPR compliance ensures that all processing activities are lawful, transparent, and secure. Users can access their personal data, rectify inaccuracies, request erasure, or transfer their data to another platform. Additionally, objections to specific processing activities are supported, and security measures are in place to prevent breaches.",1,1,1,1,1,1,1,1
312,"We provide full transparency about how your data is handled. You can request access to your information, erase it, or rectify any errors. Portability options are available for easy transfer of your data, and you may object to any processing activities you disagree with. Security is a top priority, ensuring that breaches are addressed promptly.",0,1,1,1,1,1,1,1
313,"Transparency and lawfulness guide our data processing practices. Users have the right to object to data processing, erase their information, or request access and rectification. Portability options are also available to facilitate seamless data transfers. Security measures are designed to prevent breaches and protect user privacy.",1,1,1,1,1,1,1,1
314,"Our platform guarantees lawful data processing, enabling users to exercise their GDPR rights. This includes accessing, erasing, or rectifying their data, as well as objecting to certain processing activities. Portability is fully supported, and robust security measures ensure your information is protected.",1,1,1,1,1,1,1,1
315,"We ensure GDPR compliance through lawful data handling and transparency. Users can erase their data, access it for review, or rectify any errors. Objections to data usage are supported, and portability options are available. Security breaches, if they occur, are reported promptly to maintain user trust.",1,1,1,1,1,1,1,1
316,"With a strong focus on security and transparency, we ensure that users can access, rectify, and erase their data as needed. Lawful processing and portability are integral to our services. Any objections to data processing are respected, and breaches are handled with immediate notification.",1,1,1,1,1,1,1,1
317,"Our GDPR-compliant policies prioritize user rights, including transparency and lawful data processing. You can request access to your data, rectify inaccuracies, erase information, or transfer it via portability. Security breaches are rare but addressed swiftly, ensuring your privacy is protected.",1,1,1,1,1,1,1,1
318,"We maintain transparency in all data processing activities, ensuring users can access, erase, and rectify their information. Portability options make data transfers seamless, and objections to processing activities are respected. Our lawful practices are reinforced by robust security measures to prevent breaches.",1,1,1,1,1,1,1,1
319,"Transparency and lawfulness are at the core of our operations. Users can erase their data, rectify errors, or request access and portability. Security measures are designed to prevent breaches, and objections to data processing are supported to protect user rights.",1,1,1,1,1,1,1,1
320,"Our platform is built on GDPR principles, ensuring lawfulness and transparency. Users have full control over their data, with options to access, erase, rectify, or transfer it. Objections to specific processing activities are supported, and robust security measures protect your information from breaches.",1,1,1,1,1,1,1,1
321,"We handle your data lawfully and transparently, ensuring that you can access, erase, or rectify it as needed. Portability options are available to facilitate data transfers, and objections to data usage are respected. Security breaches are rare but are communicated promptly when they occur.",1,1,1,1,1,1,1,1
322,"Our GDPR-compliant platform offers users full control over their data. You can request access, rectification, erasure, or portability of your information. Transparency and lawful processing are ensured, and robust security measures protect your data against breaches.",1,1,1,1,1,1,1,1
323,"Transparency is central to our operations. Users can object to data processing activities, erase their information, or access and rectify their personal data. Portability options are supported, and security measures are in place to prevent breaches and ensure compliance with lawful practices.",1,1,1,1,1,1,1,1
324,"Our platform adheres to GDPR principles, ensuring lawful and transparent data processing. Users can access their information, request erasure, rectify inaccuracies, and transfer their data via portability options. Objections to processing are supported, and security breaches are addressed immediately.",1,1,1,1,1,1,1,1
325,"We prioritize your GDPR rights, ensuring transparency and lawful processing of your data. You can erase, access, or rectify your information, as well as object to specific processing activities. Portability options are available for seamless transfers, and security measures prevent unauthorized breaches.",1,1,1,1,1,1,1,1
326,"With a commitment to GDPR compliance, we provide transparency in all data processing activities. Users can erase their information, access and rectify their data, and transfer it via portability. Objections to processing are supported, and security measures are in place to prevent breaches.",1,1,1,1,1,1,1,1
327,"Our services ensure compliance with GDPR, offering transparency and lawful data handling. You can access your information, request erasure, rectify inaccuracies, and object to data usage. Portability options are available, and security measures are in place to protect against breaches.",1,1,1,1,1,1,1,1
328,"Transparency is at the core of our GDPR-compliant policies. Users can rectify errors, erase their data, and access detailed records of their information. Portability options allow for seamless transfers, and objections to data usage are supported. Security breaches, if any, are promptly addressed.",1,1,1,1,1,1,1,1
329,"We handle your data with transparency and lawfulness, ensuring compliance with GDPR. Users can erase, access, or rectify their information as needed. Portability options facilitate data transfers, and objections to processing are respected. Security measures protect against breaches.",1,1,1,1,1,1,1,1
330,"Our commitment to GDPR compliance includes transparency and lawful data processing. Users have the right to access, rectify, and erase their data, as well as object to specific processing activities. Portability options are available, and robust security measures prevent breaches.",1,1,1,1,1,1,1,1
331,"We prioritize transparency and lawfulness in our data handling. Users can access their information, request erasure, rectify inaccuracies, and transfer their data via portability options. Objections to processing are supported, and security breaches are addressed promptly to maintain trust.",1,1,1,1,1,1,1,1
332,"Our GDPR-compliant platform ensures transparency in all processing activities. Users can access, rectify, or erase their data as needed. Portability options make data transfers seamless, and objections to processing activities are supported. Security measures are in place to prevent breaches.",1,1,1,1,1,1,1,1
333,"We provide transparency and lawfulness in all data processing activities. Users can erase, access, or rectify their information, as well as object to specific data uses. Portability options are available, and robust security measures ensure protection against breaches.",1,1,1,1,1,1,1,1
334,"Our services are fully GDPR-compliant, prioritizing transparency and user rights. You can request access to your data, rectify inaccuracies, erase information, and transfer it via portability options. Security measures protect your information from breaches.",1,1,1,1,1,1,1,1
335,"Transparency is at the heart of our GDPR compliance. Users can erase, access, or rectify their data as needed. Portability options are supported for seamless transfers, and objections to data processing are respected. Security breaches are addressed immediately to maintain trust.",1,1,1,1,1,1,1,1
336,"We prioritize GDPR compliance by ensuring transparency and lawful data handling. Users can erase, access, or rectify their information, as well as object to specific data uses. Portability options make data transfers seamless, and robust security measures protect against breaches.",1,1,1,1,1,1,1,1
337,"Transparency and lawfulness are the foundation of our GDPR-compliant platform. Users can access, erase, and rectify their data as needed. Portability options facilitate data transfers, and objections to processing are supported. Security breaches are addressed promptly.",1,1,1,1,1,1,1,1
338,"Our platform is designed to ensure GDPR compliance, prioritizing transparency and user rights. Users can access their data, rectify inaccuracies, erase information, and transfer it via portability. Security measures protect against breaches, and objections to processing are supported.",1,1,1,1,1,1,1,1
339,"We maintain transparency and lawfulness in all data processing activities. Users can erase their data, access it for review, rectify inaccuracies, and transfer it via portability options. Objections to data usage are supported, and security measures prevent breaches.",1,1,1,1,1,1,1,1
340,"Our commitment to GDPR compliance ensures that users can access, erase, and rectify their data as needed. Portability options are available for seamless transfers, and objections to data processing are supported. Transparency and lawful practices guide our operations, with robust security measures to prevent breaches.",1,1,1,1,1,1,1,1
341,"We provide full transparency about how your data is handled, ensuring compliance with GDPR. Users can access their data, rectify inaccuracies, erase information, and transfer it via portability options. Security breaches are rare but are communicated promptly when they occur.",1,1,1,1,1,1,1,1
342,"Transparency and lawfulness are central to our data processing activities. Users can access, erase, or rectify their information as needed. Portability options facilitate data transfers, and objections to processing are respected. Security measures are in place to prevent breaches.",1,1,1,1,1,1,1,1
343,"We prioritize GDPR compliance by ensuring lawful and transparent data handling. Users can access their data, request erasure, rectify inaccuracies, and transfer it via portability options. Objections to processing are supported, and security breaches are addressed promptly.",1,1,1,1,1,1,1,1
344,"Our services are fully GDPR-compliant, ensuring transparency and user rights. Users can access their data, rectify inaccuracies, erase information, and transfer it via portability options. Security measures are in place to prevent breaches, and objections to processing are supported.",1,1,1,1,1,1,1,1
345,"Transparency and lawfulness are the cornerstones of our GDPR-compliant platform. Users can access, erase, or rectify their information, as well as object to specific data uses. Portability options are available, and robust security measures ensure protection against breaches.",1,1,1,1,1,1,1,1
346,"Our commitment to GDPR compliance ensures that all data processing activities are lawful, transparent, and secure. Users can access their personal data, rectify inaccuracies, request erasure, and transfer their data to another platform. Objections to specific processing activities are supported, and security measures are in place to prevent breaches.",1,1,1,1,1,1,1,1
347,"We handle your data with transparency and lawfulness, ensuring GDPR compliance. Users can erase their information, access and rectify inaccuracies, and transfer their data via portability options. Objections to data usage are supported, and security measures are in place to prevent breaches.",1,1,1,1,1,1,1,1
348,"Transparency and lawfulness guide our GDPR-compliant data handling practices. Users can access their information, request erasure, rectify inaccuracies, and transfer their data via portability options. Objections to data processing are supported, and security measures are in place to prevent breaches.",1,1,1,1,1,1,1,1
349,"Our platform ensures compliance with GDPR, offering transparency and user rights. Users can access their data, rectify inaccuracies, erase information, and transfer it via portability options. Security measures are in place to prevent breaches, and objections to data processing are supported.",1,1,1,1,1,1,1,1
350,"We prioritize GDPR compliance by ensuring transparency and lawful data handling. Users can erase, access, or rectify their information, as well as object to specific data uses. Portability options make data transfers seamless, and robust security measures protect against breaches.",1,1,1,1,1,1,1,1